model,strategy,training_size,coverage,set_size,acc,duration
RF,lac_split,16,0.8552,3.5356,0.3754,0.10999999998603016
RF,lac_split,17,0.8716,3.9778,0.2686,0.10899999993853271
RF,lac_split,18,0.931,4.5446,0.3038,0.10900000005494803
RF,lac_split,19,0.9808,4.9496,0.3456,0.10900000005494803
RF,lac_split,20,0.985,4.8614,0.3492,0.10999999998603016
RF,lac_split,21,0.986,4.8128,0.3722,0.10899999993853271
RF,lac_split,22,0.9512,4.4926,0.3456,0.125
RF,lac_split,23,0.9994,4.988,0.3164,0.125
RF,lac_split,24,0.965,4.6934,0.462,0.10899999993853271
RF,lac_split,25,0.8378,3.627,0.3908,0.0940000000409782
RF,lac_split,26,0.9864,4.6798,0.4722,0.10999999998603016
RF,lac_split,27,0.8868,3.3274,0.4544,0.10900000005494803
RF,lac_split,28,0.9714,4.3118,0.4784,0.10999999998603016
RF,lac_split,29,0.9086,3.768,0.4462,0.10900000005494803
RF,lac_split,30,0.9922,4.8938,0.4276,0.10999999998603016
RF,lac_split,31,0.8832,3.455,0.4766,0.10900000005494803
RF,lac_split,32,0.9664,4.2768,0.487,0.10999999998603016
RF,lac_split,33,0.9116,3.597,0.4516,0.10900000005494803
RF,lac_split,34,0.8942,3.0908,0.486,0.10899999993853271
RF,lac_split,35,0.9594,4.074,0.4946,0.10999999998603016
RF,lac_split,36,0.903,3.3662,0.5044,0.10899999993853271
RF,lac_split,37,0.8268,2.4978,0.5056,0.125
RF,lac_split,38,0.7236,1.8142,0.5046,0.10900000005494803
RF,lac_split,39,0.9572,4.1166,0.5322,0.10899999993853271
RF,lac_split,40,0.9646,3.9874,0.5048,0.125
RF,lac_split,41,0.9514,3.9986,0.455,0.10900000005494803
RF,lac_split,42,0.979,4.4452,0.479,0.125
RF,lac_split,43,0.989,4.2488,0.5576,0.10999999998603016
RF,lac_split,44,0.8232,2.3784,0.5074,0.10999999998603016
RF,lac_split,45,0.9852,4.3466,0.5156,0.10900000005494803
RF,lac_split,46,0.9046,3.2252,0.4756,0.10900000005494803
RF,lac_split,47,0.9916,4.6514,0.526,0.125
RF,lac_split,48,0.978,4.138,0.5542,0.125
RF,lac_split,49,0.738,1.9412,0.4958,0.125
RF,lac_split,50,0.896,2.5876,0.587,0.125
RF,lac_split,51,0.9698,3.7622,0.617,0.125
RF,lac_split,52,0.9964,4.8754,0.4812,0.125
RF,lac_split,53,0.951,3.462,0.5706,0.125
RF,lac_split,54,0.8206,2.3512,0.53,0.125
RF,lac_split,55,0.9792,4.0786,0.5608,0.125
RF,lac_split,56,0.8406,2.4692,0.5252,0.125
RF,lac_split,57,0.999,4.9066,0.5844,0.125
RF,lac_split,58,0.9642,3.7984,0.5734,0.10900000005494803
RF,lac_split,59,0.9916,4.4942,0.59,0.125
RF,lac_split,60,0.9046,2.6848,0.5642,0.14099999994505197
RF,lac_split,61,0.9968,4.5766,0.6044,0.14000000001396984
RF,lac_split,62,0.7776,2.0146,0.5292,0.125
RF,lac_split,63,0.9776,3.917,0.608,0.125
RF,lac_split,64,0.9528,3.2896,0.6146,0.125
RF,lac_split,65,0.9546,3.3252,0.5712,0.125
RF,lac_split,66,0.9644,3.7262,0.567,0.125
RF,lac_split,67,0.791,1.6384,0.6266,0.125
RF,lac_split,68,0.9142,3.231,0.5612,0.125
RF,lac_split,69,0.9868,4.009,0.5392,0.125
RF,lac_split,70,0.9996,4.9416,0.561,0.14000000001396984
RF,lac_split,71,0.9452,3.4268,0.5406,0.125
RF,lac_split,72,0.9138,2.8444,0.5414,0.125
RF,lac_split,73,0.9026,2.4202,0.626,0.125
RF,lac_split,74,0.9814,3.9016,0.597,0.1410000000614673
RF,lac_split,75,0.9232,2.8492,0.587,0.125
RF,lac_split,76,0.9896,4.4048,0.5862,0.14000000001396984
RF,lac_split,77,0.9342,3.2774,0.553,0.125
RF,lac_split,78,0.9944,4.734,0.5726,0.14000000001396984
RF,lac_split,79,0.9778,3.958,0.6054,0.125
RF,lac_split,80,0.9148,2.61,0.6298,0.125
RF,lac_split,81,0.996,4.2884,0.5884,0.125
RF,lac_split,82,0.9654,3.9896,0.5678,0.125
RF,lac_split,83,0.8082,2.0978,0.5644,0.125
RF,lac_split,84,0.86,1.9008,0.6544,0.14099999994505197
RF,lac_split,85,0.9472,3.0922,0.6352,0.1410000000614673
RF,lac_split,86,0.9958,4.6662,0.5906,0.14000000001396984
RF,lac_split,87,0.989,4.102,0.6162,0.14099999994505197
RF,lac_split,88,0.9916,4.1334,0.633,0.14000000001396984
RF,lac_split,89,0.8992,2.5684,0.6226,0.125
RF,lac_split,90,0.9872,3.947,0.6308,0.15600000007543713
RF,lac_split,91,0.8884,2.1944,0.6304,0.14000000001396984
RF,lac_split,92,0.9158,2.4162,0.6304,0.14099999994505197
RF,lac_split,93,0.9848,3.7596,0.6534,0.1410000000614673
RF,lac_split,94,0.9868,3.9268,0.6262,0.14000000001396984
RF,lac_split,95,0.941,2.9366,0.627,0.14099999994505197
RF,lac_split,96,0.9022,2.4326,0.6252,0.14099999994505197
RF,lac_split,97,0.9088,2.5174,0.6436,0.1410000000614673
RF,lac_split,98,0.8412,1.8424,0.64,0.14000000001396984
RF,lac_split,99,0.9662,4.135,0.619,0.14000000001396984
RF,lac_split,100,0.9406,2.814,0.6464,0.14099999994505197
RF,lac_split,101,0.7996,1.6878,0.6298,0.15700000000651926
RF,lac_split,102,0.9406,3.0264,0.616,0.14099999994505197
RF,lac_split,103,0.9486,2.8458,0.6552,0.1410000000614673
RF,lac_split,104,0.7948,1.6912,0.6182,0.1720000000204891
RF,lac_split,105,0.9228,2.4962,0.6636,0.1410000000614673
RF,lac_split,106,0.9304,2.391,0.68,0.1410000000614673
RF,lac_split,107,0.865,2.1826,0.6108,0.15600000007543713
RF,lac_split,108,0.9672,3.1788,0.6726,0.1410000000614673
RF,lac_split,109,0.8222,1.7154,0.6412,0.15700000000651926
RF,lac_split,110,0.7516,1.3336,0.6478,0.15700000000651926
RF,lac_split,111,0.8136,1.636,0.6458,0.15700000000651926
RF,lac_split,112,0.9358,2.7496,0.6388,0.14099999994505197
RF,lac_split,113,0.9826,3.759,0.652,0.15700000000651926
RF,lac_split,114,0.838,2.018,0.6198,0.15700000000651926
RF,lac_split,115,0.9564,3.1706,0.664,0.15700000000651926
RF,lac_split,116,0.9334,2.5096,0.674,0.14099999994505197
RF,lac_split,117,0.9882,4.0236,0.657,0.1559999999590218
RF,lac_split,118,0.8488,1.8454,0.6498,0.14000000001396984
RF,lac_split,119,0.9528,3.1028,0.6004,0.14000000001396984
RF,lac_split,120,0.9178,2.3164,0.6646,0.15600000007543713
RF,lac_split,121,0.9402,2.699,0.666,0.15600000007543713
RF,lac_split,122,0.9834,3.5872,0.6534,0.1410000000614673
RF,lac_split,123,0.9906,3.6908,0.6332,0.15600000007543713
RF,lac_split,124,0.9182,2.1216,0.6998,0.15600000007543713
RF,lac_split,125,0.8686,1.6884,0.6958,0.15700000000651926
RF,lac_split,126,0.931,2.4582,0.6684,0.15700000000651926
RF,lac_split,127,0.9536,2.8474,0.6656,0.1559999999590218
RF,lac_split,128,0.8602,1.8742,0.658,0.1559999999590218
RF,lac_split,129,0.8976,2.1594,0.6682,0.1559999999590218
RF,lac_split,130,0.9692,3.0758,0.6816,0.17099999997299165
RF,lac_split,131,0.9634,3.1148,0.674,0.1720000000204891
RF,lac_split,132,0.9642,3.116,0.6804,0.15600000007543713
RF,lac_split,133,0.9272,2.3432,0.6902,0.15700000000651926
RF,lac_split,134,0.9386,2.6308,0.6848,0.1559999999590218
RF,lac_split,135,0.9442,2.613,0.6582,0.1720000000204891
RF,lac_split,136,0.9302,2.7012,0.637,0.1720000000204891
RF,lac_split,137,0.7864,1.45,0.6594,0.1559999999590218
RF,lac_split,138,0.998,4.4034,0.6708,0.1559999999590218
RF,lac_split,139,0.947,2.412,0.7106,0.1559999999590218
RF,lac_split,140,0.9738,3.4346,0.6726,0.1720000000204891
RF,lac_split,141,0.954,2.593,0.6966,0.15600000007543713
RF,lac_split,142,0.8932,1.9832,0.6766,0.15700000000651926
RF,lac_split,143,0.9416,2.375,0.7122,0.1559999999590218
RF,lac_split,144,0.969,3.2102,0.6608,0.15600000007543713
RF,lac_split,145,0.9656,2.9848,0.6826,0.15700000000651926
RF,lac_split,146,0.9314,2.518,0.6644,0.1720000000204891
RF,lac_split,147,0.8014,1.2784,0.7202,0.1559999999590218
RF,lac_split,148,0.7654,1.1558,0.7216,0.1559999999590218
RF,lac_split,149,0.8986,2.0388,0.6706,0.1720000000204891
RF,lac_split,150,0.9526,2.556,0.6776,0.1720000000204891
RF,lac_split,151,0.9272,2.3154,0.6862,0.1720000000204891
RF,lac_split,152,0.9446,2.7246,0.673,0.17199999990407377
RF,lac_split,153,0.9276,2.684,0.6548,0.1720000000204891
RF,lac_split,154,0.9554,2.7754,0.6426,0.1720000000204891
RF,lac_split,155,0.8924,1.7802,0.7252,0.1720000000204891
RF,lac_split,156,0.9682,2.7482,0.7024,0.1720000000204891
RF,lac_split,157,0.8968,2.1396,0.6668,0.1720000000204891
RF,lac_split,158,0.9286,2.4804,0.678,0.1720000000204891
RF,lac_split,159,0.8552,1.623,0.6958,0.1720000000204891
RF,lac_split,160,0.9826,3.603,0.685,0.1869999999180436
RF,lac_split,161,0.895,2.104,0.6734,0.1720000000204891
RF,lac_split,162,0.9524,2.6542,0.6898,0.18799999996554106
RF,lac_split,163,0.9702,2.9244,0.7082,0.1869999999180436
RF,lac_split,164,0.8742,1.708,0.7,0.18700000003445894
RF,lac_split,165,0.9686,2.853,0.698,0.18700000003445894
RF,lac_split,166,0.9142,2.1214,0.6848,0.17099999997299165
RF,lac_split,167,0.9502,2.414,0.6872,0.1720000000204891
RF,lac_split,168,0.8352,1.384,0.727,0.1720000000204891
RF,lac_split,169,0.9406,2.503,0.6768,0.1869999999180436
RF,lac_split,170,0.975,3.0116,0.6798,0.18700000003445894
RF,lac_split,171,0.8734,1.7332,0.669,0.18700000003445894
RF,lac_split,172,0.9118,1.9334,0.7036,0.17099999997299165
RF,lac_split,173,0.9656,2.9554,0.6896,0.18700000003445894
RF,lac_split,174,0.9406,2.4086,0.6894,0.1720000000204891
RF,lac_split,175,0.9086,2.1516,0.6624,0.1869999999180436
RF,lac_split,176,0.9394,2.7882,0.6602,0.1720000000204891
RF,lac_split,177,0.9248,1.97,0.7236,0.18799999996554106
RF,lac_split,178,0.9564,2.7202,0.6834,0.17199999990407377
RF,lac_split,179,0.9842,3.4556,0.71,0.18799999996554106
RF,lac_split,180,0.9594,2.6014,0.7168,0.1720000000204891
RF,lac_split,181,0.9158,1.938,0.6936,0.18799999996554106
RF,lac_split,182,0.9724,3.3896,0.66,0.1720000000204891
RF,lac_split,183,0.8314,1.4464,0.7112,0.1880000000819564
RF,lac_split,184,0.9344,2.072,0.7134,0.18799999996554106
RF,lac_split,185,0.9636,2.4378,0.7376,0.2029999999795109
RF,lac_split,186,0.9008,1.892,0.706,0.1880000000819564
RF,lac_split,187,0.9288,2.0856,0.7064,0.18799999996554106
RF,lac_split,188,0.903,1.834,0.7088,0.18799999996554106
RF,lac_split,189,0.9586,2.5838,0.7108,0.18700000003445894
RF,lac_split,190,0.9312,2.1358,0.7086,0.18700000003445894
RF,lac_split,191,0.9208,2.1678,0.7088,0.1880000000819564
RF,lac_split,192,0.9572,2.774,0.6892,0.18799999996554106
RF,lac_split,193,0.9714,2.6756,0.7072,0.18700000003445894
RF,lac_split,194,0.9494,2.3996,0.6988,0.1880000000819564
RF,lac_split,195,0.9472,2.2794,0.7336,0.18799999996554106
RF,lac_split,196,0.968,2.7118,0.7132,0.2029999999795109
RF,lac_split,197,0.917,1.8296,0.7372,0.1720000000204891
RF,lac_split,198,0.8452,1.4302,0.7278,0.18700000003445894
RF,lac_split,199,0.8982,1.8378,0.7074,0.1880000000819564
RF,lac_split,200,0.9072,1.9646,0.6932,0.18799999996554106
RF,lac_split,201,0.904,1.9122,0.7116,0.2029999999795109
RF,lac_split,202,0.8744,1.5818,0.7172,0.18700000003445894
RF,lac_split,203,0.9332,2.178,0.7018,0.2029999999795109
RF,lac_split,204,0.9364,2.0396,0.7214,0.20400000002700835
RF,lac_split,205,0.944,2.1878,0.724,0.2029999999795109
RF,lac_split,206,0.9254,1.9774,0.728,0.18799999996554106
RF,lac_split,207,0.9482,2.368,0.7118,0.2029999999795109
RF,lac_split,208,0.9538,2.555,0.6894,0.1880000000819564
RF,lac_split,209,0.9522,2.2764,0.7364,0.2029999999795109
RF,lac_split,210,0.9712,2.6144,0.7324,0.20300000009592623
RF,lac_split,211,0.9178,1.8226,0.7384,0.18799999996554106
RF,lac_split,212,0.8904,1.611,0.73,0.18700000003445894
RF,lac_split,213,0.971,2.8266,0.7384,0.2029999999795109
RF,lac_split,214,0.964,2.322,0.753,0.2029999999795109
RF,lac_split,215,0.8364,1.515,0.713,0.2029999999795109
RF,lac_split,216,0.8752,1.6544,0.716,0.2029999999795109
RF,lac_split,217,0.911,2.0776,0.7094,0.2029999999795109
RF,lac_split,218,0.926,1.8726,0.7552,0.18700000003445894
RF,lac_split,219,0.9116,1.8292,0.7404,0.2190000000409782
RF,lac_split,220,0.9314,2.1038,0.7098,0.2190000000409782
RF,lac_split,221,0.9616,2.5028,0.707,0.2029999999795109
RF,lac_split,222,0.94,2.1538,0.7412,0.2029999999795109
RF,lac_split,223,0.9098,1.9344,0.7268,0.20300000009592623
RF,lac_split,224,0.9148,1.9274,0.7118,0.2029999999795109
RF,lac_split,225,0.8124,1.2676,0.7342,0.20300000009592623
RF,lac_split,226,0.954,2.4872,0.7292,0.2190000000409782
RF,lac_split,227,0.9056,1.7088,0.7226,0.20400000002700835
RF,lac_split,228,0.8816,1.7278,0.7206,0.2029999999795109
RF,lac_split,229,0.904,1.8146,0.7222,0.2029999999795109
RF,lac_split,230,0.9714,2.764,0.7244,0.2029999999795109
RF,lac_split,231,0.9092,1.8952,0.7138,0.2029999999795109
RF,lac_split,232,0.9412,2.2392,0.7022,0.2029999999795109
RF,lac_split,233,0.9502,2.3248,0.734,0.2029999999795109
RF,lac_split,234,0.83,1.3196,0.7364,0.20300000009592623
RF,lac_split,235,0.9738,2.7998,0.7348,0.21899999992456287
RF,lac_split,236,0.9318,1.9598,0.7226,0.21899999992456287
RF,lac_split,237,0.9012,1.7292,0.7232,0.23400000005494803
RF,lac_split,238,0.9772,2.8054,0.7266,0.25
RF,lac_split,239,0.9612,2.7538,0.7132,0.25
RF,lac_split,240,0.8866,1.6686,0.7342,0.26599999994505197
RF,lac_split,241,0.9542,2.3534,0.7574,0.25
RF,lac_split,242,0.9738,2.7534,0.7536,0.23400000005494803
RF,lac_split,243,0.9252,2.2002,0.6988,0.2190000000409782
RF,lac_split,244,0.9226,1.9504,0.7292,0.2190000000409782
RF,lac_split,245,0.95,2.203,0.7394,0.23499999998603016
RF,lac_split,246,0.9226,1.8518,0.738,0.2029999999795109
RF,lac_split,247,0.931,2.0018,0.7238,0.21799999999348074
RF,lac_split,248,0.8494,1.3206,0.7512,0.2190000000409782
RF,lac_split,249,0.8662,1.5978,0.7098,0.21799999999348074
RF,lac_split,250,0.9558,2.4426,0.7118,0.2190000000409782
RF,lac_split,251,0.9386,2.1622,0.7366,0.2190000000409782
RF,lac_split,252,0.9606,2.3308,0.7526,0.2190000000409782
RF,lac_split,253,0.9374,2.1454,0.7324,0.21899999992456287
RF,lac_split,254,0.9294,1.883,0.7572,0.21799999999348074
RF,lac_split,255,0.8432,1.3214,0.7542,0.2190000000409782
RF,lac_split,256,0.904,1.8104,0.7466,0.2190000000409782
RF,lac_split,257,0.8826,1.5188,0.743,0.23499999998603016
RF,lac_split,258,0.8972,1.6868,0.7386,0.2339999999385327
RF,lac_split,259,0.926,1.7316,0.7672,0.23499999998603016
RF,lac_split,260,0.8536,1.4858,0.7196,0.23499999998603016
RF,lac_split,261,0.9542,2.217,0.7578,0.23400000005494803
RF,lac_split,262,0.9686,2.4158,0.7422,0.2660000000614673
RF,lac_split,263,0.943,2.1128,0.7532,0.25
RF,lac_split,264,0.938,2.1908,0.728,0.2339999999385327
RF,lac_split,265,0.9488,2.108,0.7624,0.25
RF,lac_split,266,0.9184,1.9074,0.7376,0.25
RF,lac_split,267,0.9318,1.9442,0.7438,0.23400000005494803
RF,lac_split,268,0.8888,1.6726,0.716,0.2339999999385327
RF,lac_split,269,0.8948,1.476,0.759,0.25
RF,lac_split,270,0.8906,1.608,0.7438,0.2190000000409782
RF,lac_split,271,0.9336,2.1238,0.7308,0.2339999999385327
RF,lac_split,272,0.947,2.0122,0.7562,0.23400000005494803
RF,lac_split,273,0.883,1.467,0.7482,0.23499999998603016
RF,lac_split,274,0.9548,2.4204,0.7188,0.23400000005494803
RF,lac_split,275,0.8164,1.2024,0.7528,0.23499999998603016
RF,lac_split,276,0.9362,1.8612,0.7596,0.25
RF,lac_split,277,0.942,2.1582,0.7284,0.25
RF,lac_split,278,0.9488,2.0778,0.7518,0.25
RF,lac_split,279,0.9002,1.7148,0.735,0.25
RF,lac_split,280,0.9236,1.7896,0.7562,0.25
RF,lac_split,281,0.8894,1.5708,0.735,0.2339999999385327
RF,lac_split,282,0.9228,1.6454,0.7812,0.25
RF,lac_split,283,0.9426,1.9504,0.755,0.28200000000651926
RF,lac_split,284,0.9308,2.0058,0.7464,0.25
RF,lac_split,285,0.8902,1.477,0.7596,0.25
RF,lac_split,286,0.8906,1.7098,0.7184,0.25
RF,lac_split,287,0.9594,2.3164,0.7488,0.25
RF,lac_split,288,0.923,1.8756,0.736,0.25
RF,lac_split,289,0.922,1.7088,0.7736,0.25
RF,lac_split,290,0.937,1.7826,0.7812,0.23400000005494803
RF,lac_split,291,0.8604,1.3124,0.7754,0.26599999994505197
RF,lac_split,292,0.9468,2.0604,0.7588,0.25
RF,lac_split,293,0.9538,2.3644,0.73,0.26599999994505197
RF,lac_split,294,0.9304,1.9334,0.7542,0.26599999994505197
RF,lac_split,295,0.944,1.9018,0.7646,0.25
RF,lac_split,296,0.9196,1.8446,0.7432,0.25
RF,lac_split,297,0.8964,1.5896,0.7462,0.25
RF,lac_split,298,0.9238,1.655,0.7896,0.26500000001396984
RF,lac_split,299,0.9222,1.884,0.7356,0.26500000001396984
RF,lac_split,300,0.877,1.482,0.7394,0.26500000001396984
RF,lac_split,301,0.9182,1.7138,0.7516,0.25
RF,lac_split,302,0.8928,1.5404,0.7604,0.26599999994505197
RF,lac_split,303,0.9496,2.088,0.7652,0.25
RF,lac_split,304,0.8868,1.5128,0.7604,0.25
RF,lac_split,305,0.9114,1.6526,0.7592,0.25
RF,lac_split,306,0.8874,1.5556,0.7576,0.25
RF,lac_split,307,0.9126,1.871,0.7206,0.25
RF,lac_split,308,0.9144,1.6184,0.7708,0.26599999994505197
RF,lac_split,309,0.9372,1.8838,0.785,0.25
RF,lac_split,310,0.8714,1.3732,0.7664,0.26599999994505197
RF,lac_split,311,0.8812,1.4898,0.7568,0.25
RF,lac_split,312,0.9572,2.0454,0.7606,0.26500000001396984
RF,lac_split,313,0.931,1.7252,0.7802,0.25
RF,lac_split,314,0.9102,1.7212,0.7426,0.26500000001396984
RF,lac_split,315,0.9696,2.6496,0.7704,0.25
RF,lac_split,316,0.9006,1.6724,0.7312,0.25
RF,lac_split,317,0.9446,2.125,0.754,0.2660000000614673
RF,lac_split,318,0.9364,1.881,0.7552,0.25
RF,lac_split,319,0.933,1.8332,0.7708,0.25
RF,lac_split,320,0.8804,1.4078,0.767,0.25
RF,lac_split,321,0.9462,2.0906,0.7526,0.2660000000614673
RF,lac_split,322,0.9454,1.943,0.7698,0.2660000000614673
RF,lac_split,323,0.8902,1.5756,0.7408,0.25
RF,lac_split,324,0.8992,1.5216,0.7592,0.2660000000614673
RF,lac_split,325,0.9132,1.6436,0.7702,0.2660000000614673
RF,lac_split,326,0.9508,2.0362,0.75,0.25
RF,lac_split,327,0.9104,1.618,0.753,0.26599999994505197
RF,lac_split,328,0.9588,2.2088,0.7508,0.26599999994505197
RF,lac_split,329,0.895,1.5472,0.7582,0.26500000001396984
RF,lac_split,330,0.8612,1.3982,0.7492,0.26599999994505197
RF,lac_split,331,0.8852,1.5874,0.7536,0.2809999999590218
RF,lac_split,332,0.9572,2.3432,0.7584,0.28200000000651926
RF,lac_split,333,0.9352,1.8768,0.742,0.26500000001396984
RF,lac_split,334,0.8872,1.51,0.7624,0.28200000000651926
RF,lac_split,335,0.943,1.8954,0.771,0.2969999999040738
RF,lac_split,336,0.953,2.0314,0.774,0.28100000007543713
RF,lac_split,337,0.9238,1.767,0.7584,0.2809999999590218
RF,lac_split,338,0.9742,2.7384,0.7558,0.28200000000651926
RF,lac_split,339,0.892,1.5758,0.744,0.2809999999590218
RF,lac_split,340,0.8878,1.4642,0.774,0.26500000001396984
RF,lac_split,341,0.9184,1.5866,0.7924,0.28100000007543713
RF,lac_split,342,0.9316,1.8886,0.7548,0.26599999994505197
RF,lac_split,343,0.9184,1.631,0.787,0.26500000001396984
RF,lac_split,344,0.8956,1.6046,0.754,0.2660000000614673
RF,lac_split,345,0.9064,1.4944,0.7812,0.26599999994505197
RF,lac_split,346,0.915,1.6382,0.7726,0.26500000001396984
RF,lac_split,347,0.8784,1.3288,0.7904,0.26599999994505197
RF,lac_split,348,0.9314,1.8,0.762,0.28100000007543713
RF,lac_split,349,0.9056,1.5522,0.7706,0.2809999999590218
RF,lac_split,350,0.9444,1.8266,0.7846,0.28100000007543713
RF,lac_split,351,0.8886,1.4908,0.772,0.26599999994505197
RF,lac_split,352,0.9364,1.9064,0.7702,0.2809999999590218
RF,lac_split,353,0.8798,1.3676,0.7834,0.26500000001396984
RF,lac_split,354,0.9124,1.5752,0.7722,0.2809999999590218
RF,lac_split,355,0.906,1.6098,0.7662,0.2660000000614673
RF,lac_split,356,0.9178,1.782,0.7632,0.2809999999590218
RF,lac_split,357,0.9022,1.518,0.7698,0.2970000000204891
RF,lac_split,358,0.8962,1.4954,0.7762,0.2809999999590218
RF,lac_split,359,0.8442,1.31,0.7472,0.28200000000651926
RF,lac_split,360,0.9028,1.5758,0.7532,0.2809999999590218
RF,lac_split,361,0.8956,1.4592,0.7756,0.28200000000651926
RF,lac_split,362,0.938,1.8366,0.774,0.28100000007543713
RF,lac_split,363,0.958,2.1004,0.7878,0.2970000000204891
RF,lac_split,364,0.9492,2.096,0.7582,0.2970000000204891
RF,lac_split,365,0.9426,1.849,0.776,0.3130000000819564
RF,lac_split,366,0.8634,1.3128,0.7868,0.2809999999590218
RF,lac_split,367,0.9022,1.4848,0.7824,0.2970000000204891
RF,lac_split,368,0.9476,2.0256,0.7468,0.2970000000204891
RF,lac_split,369,0.9032,1.5664,0.7756,0.2969999999040738
RF,lac_split,370,0.9088,1.5606,0.7684,0.31200000003445894
RF,lac_split,371,0.9696,2.1844,0.7866,0.375
RF,lac_split,372,0.9258,1.7008,0.7756,0.31299999996554106
RF,lac_split,373,0.8946,1.5118,0.7668,0.2970000000204891
RF,lac_split,374,0.8666,1.3218,0.7818,0.2970000000204891
RF,lac_split,375,0.8854,1.4056,0.7734,0.2970000000204891
RF,lac_split,376,0.9458,1.8174,0.8008,0.2969999999040738
RF,lac_split,377,0.8932,1.4106,0.7862,0.31299999996554106
RF,lac_split,378,0.8912,1.4506,0.7692,0.31200000003445894
RF,lac_split,379,0.9384,1.8556,0.7824,0.3279999999795109
RF,lac_split,380,0.9154,1.6992,0.7528,0.31299999996554106
RF,lac_split,381,0.9106,1.4974,0.7898,0.3440000000409782
RF,lac_split,382,0.9336,1.883,0.7452,0.31200000003445894
RF,lac_split,383,0.9398,1.811,0.7802,0.375
RF,lac_split,384,0.905,1.4948,0.772,0.3910000000614673
RF,lac_split,385,0.9098,1.6672,0.7518,0.3440000000409782
RF,lac_split,386,0.938,1.7066,0.7856,0.35900000005494803
RF,lac_split,387,0.9212,1.7656,0.7454,0.2969999999040738
RF,lac_split,388,0.9652,2.3058,0.7482,0.3280000000959262
RF,lac_split,389,0.9278,1.7082,0.7822,0.3279999999795109
RF,lac_split,390,0.9554,1.9124,0.799,0.2970000000204891
RF,lac_split,391,0.9138,1.6556,0.7726,0.31200000003445894
RF,lac_split,392,0.9224,1.536,0.7976,0.3279999999795109
RF,lac_split,393,0.8898,1.5412,0.7568,0.3279999999795109
RF,lac_split,394,0.933,1.8118,0.7648,0.3589999999385327
RF,lac_split,395,0.9478,1.9436,0.7712,0.35999999998603016
RF,lac_split,396,0.9154,1.6078,0.782,0.3279999999795109
RF,lac_split,397,0.9286,1.6676,0.7858,0.31299999996554106
RF,lac_split,398,0.9482,1.877,0.7866,0.3279999999795109
RF,lac_split,399,0.9404,1.807,0.7732,0.31200000003445894
RF,lac_split,400,0.9226,1.618,0.784,0.31299999996554106
RF,lac_split,401,0.9476,2.0176,0.7718,0.3279999999795109
RF,lac_split,402,0.9448,1.9232,0.7696,0.3279999999795109
RF,lac_split,403,0.8784,1.3364,0.7846,0.31299999996554106
RF,lac_split,404,0.882,1.2574,0.8048,0.31200000003445894
RF,lac_split,405,0.945,2.0474,0.7352,0.3119999999180436
RF,lac_split,406,0.8866,1.4118,0.7766,0.2970000000204891
RF,lac_split,407,0.953,2.0428,0.7634,0.3279999999795109
RF,lac_split,408,0.9242,1.641,0.7828,0.3130000000819564
RF,lac_split,409,0.8926,1.4794,0.755,0.3279999999795109
RF,lac_split,410,0.9218,1.5528,0.7902,0.31299999996554106
RF,lac_split,411,0.9364,1.7856,0.7848,0.3279999999795109
RF,lac_split,412,0.9226,1.7084,0.7712,0.34399999992456287
RF,lac_split,413,0.8284,1.1762,0.7724,0.3279999999795109
RF,lac_split,414,0.881,1.432,0.7774,0.3440000000409782
RF,lac_split,415,0.9382,1.6816,0.7962,0.3279999999795109
RF,lac_split,416,0.9116,1.5656,0.7762,0.3279999999795109
RF,lac_split,417,0.9144,1.569,0.7856,0.3440000000409782
RF,lac_split,418,0.9494,1.779,0.7818,0.3279999999795109
RF,lac_split,419,0.9034,1.4888,0.7864,0.35900000005494803
RF,lac_split,420,0.9334,1.6046,0.7998,0.3589999999385327
RF,lac_split,421,0.9444,2.0166,0.7712,0.3589999999385327
RF,lac_split,422,0.9606,2.2366,0.7708,0.34399999992456287
RF,lac_split,423,0.9346,1.6692,0.7922,0.3280000000959262
RF,lac_split,424,0.9092,1.565,0.7702,0.35900000005494803
RF,lac_split,425,0.9098,1.5542,0.7804,0.3440000000409782
RF,lac_split,426,0.963,2.0712,0.785,0.3279999999795109
RF,lac_split,427,0.8948,1.3748,0.7914,0.34399999992456287
RF,lac_split,428,0.9132,1.574,0.7722,0.3440000000409782
RF,lac_split,429,0.9142,1.5106,0.7896,0.3440000000409782
RF,lac_split,430,0.935,1.7508,0.772,0.375
RF,lac_split,431,0.9602,1.9382,0.7814,0.3589999999385327
RF,lac_split,432,0.9292,1.6264,0.7878,0.39099999994505197
RF,lac_split,433,0.9242,1.4932,0.811,0.35999999998603016
RF,lac_split,434,0.9182,1.5804,0.776,0.34299999999348074
RF,lac_split,435,0.9528,1.8512,0.797,0.3119999999180436
RF,lac_split,436,0.9264,1.6804,0.783,0.31299999996554106
RF,lac_split,437,0.881,1.338,0.7928,0.3279999999795109
RF,lac_split,438,0.9132,1.5372,0.773,0.34299999999348074
RF,lac_split,439,0.8708,1.402,0.7626,0.32900000002700835
RF,lac_split,440,0.9358,1.6684,0.7956,0.3279999999795109
RF,lac_split,441,0.8784,1.2522,0.806,0.34299999999348074
RF,lac_split,442,0.8872,1.3742,0.7902,0.32900000002700835
RF,lac_split,443,0.8468,1.1644,0.7962,0.34299999999348074
RF,lac_split,444,0.9172,1.4718,0.7972,0.3279999999795109
RF,lac_split,445,0.9174,1.5836,0.7834,0.35999999998603016
RF,lac_split,446,0.8778,1.2986,0.7952,0.375
RF,lac_split,447,0.9042,1.411,0.79,0.35999999998603016
RF,lac_split,448,0.9122,1.4344,0.7944,0.3440000000409782
RF,lac_split,449,0.8644,1.2428,0.7904,0.34299999999348074
RF,lac_split,450,0.9222,1.5724,0.7826,0.35999999998603016
RF,lac_split,451,0.9332,1.7504,0.7808,0.3440000000409782
RF,lac_split,452,0.8976,1.3796,0.7936,0.34299999999348074
RF,lac_split,453,0.9402,1.7308,0.8004,0.3440000000409782
RF,lac_split,454,0.901,1.4722,0.7882,0.3440000000409782
RF,lac_split,455,0.8992,1.4522,0.7838,0.34299999999348074
RF,lac_split,456,0.9542,1.9884,0.7848,0.34399999992456287
RF,lac_split,457,0.913,1.5436,0.7766,0.3279999999795109
RF,lac_split,458,0.917,1.5552,0.7916,0.3440000000409782
RF,lac_split,459,0.9224,1.5202,0.804,0.35999999998603016
RF,lac_split,460,0.9088,1.4748,0.7992,0.34299999999348074
RF,lac_split,461,0.8858,1.3506,0.7982,0.3589999999385327
RF,lac_split,462,0.9278,1.5988,0.7978,0.35999999998603016
RF,lac_split,463,0.8746,1.2566,0.7986,0.34299999999348074
RF,lac_split,464,0.905,1.3978,0.7988,0.3440000000409782
RF,lac_split,465,0.8664,1.2766,0.786,0.3440000000409782
RF,lac_split,466,0.9176,1.435,0.816,0.3440000000409782
RF,lac_split,467,0.8916,1.3832,0.7938,0.34399999992456287
RF,lac_split,468,0.8872,1.3644,0.7872,0.35900000005494803
RF,lac_split,469,0.9258,1.5698,0.788,0.35900000005494803
RF,lac_split,470,0.8724,1.2258,0.8044,0.3589999999385327
RF,lac_split,471,0.9156,1.4614,0.8094,0.35999999998603016
RF,lac_split,472,0.9154,1.3966,0.8186,0.375
RF,lac_split,473,0.9412,1.6568,0.802,0.34399999992456287
RF,lac_split,474,0.9462,1.6422,0.8182,0.35900000005494803
RF,lac_split,475,0.9586,2.0396,0.7816,0.35900000005494803
RF,lac_split,476,0.891,1.4276,0.7834,0.4220000000204891
RF,lac_split,477,0.9296,1.694,0.7812,0.35900000005494803
RF,lac_split,478,0.952,1.9672,0.7842,0.375
RF,lac_split,479,0.939,1.7776,0.7834,0.375
RF,lac_split,480,0.8948,1.3576,0.8058,0.375
RF,lac_split,481,0.8706,1.2288,0.7998,0.375
RF,lac_split,482,0.9262,1.656,0.7748,0.375
RF,lac_split,483,0.8842,1.3172,0.799,0.3440000000409782
RF,lac_split,484,0.9324,1.5568,0.8074,0.375
RF,lac_split,485,0.8974,1.4048,0.7928,0.35900000005494803
RF,lac_split,486,0.9466,1.7036,0.803,0.375
RF,lac_split,487,0.9518,1.8668,0.8016,0.375
RF,lac_split,488,0.954,1.8858,0.8054,0.35999999998603016
RF,lac_split,489,0.9352,1.7352,0.777,0.35900000005494803
RF,lac_split,490,0.9162,1.5664,0.781,0.3589999999385327
RF,lac_split,491,0.8384,1.1728,0.7836,0.35999999998603016
RF,lac_split,492,0.8922,1.283,0.8148,0.35900000005494803
RF,lac_split,493,0.8716,1.2788,0.7886,0.35999999998603016
RF,lac_split,494,0.8874,1.3152,0.7968,0.35900000005494803
RF,lac_split,495,0.9416,1.776,0.7958,0.375
RF,lac_split,496,0.8806,1.3022,0.7876,0.375
RF,lac_split,497,0.913,1.4578,0.7914,0.35999999998603016
RF,lac_split,498,0.905,1.4626,0.7918,0.35999999998603016
RF,lac_split,499,0.9432,1.7274,0.814,0.39099999994505197
RF,lac_split,500,0.898,1.4398,0.7818,0.4220000000204891
RF,lac_split,501,0.8372,1.125,0.8002,0.375
RF,lac_split,502,0.893,1.3462,0.8014,0.39099999994505197
RF,lac_split,503,0.9516,1.7998,0.806,0.40600000007543713
RF,lac_split,504,0.9294,1.604,0.7904,0.375
RF,lac_split,505,0.9424,1.6552,0.8154,0.39099999994505197
RF,lac_split,506,0.9118,1.3504,0.8222,0.39000000001396984
RF,lac_split,507,0.8412,1.1838,0.783,0.4059999999590218
RF,lac_split,508,0.9002,1.3198,0.8144,0.375
RF,lac_split,509,0.9114,1.4922,0.7942,0.4220000000204891
RF,lac_split,510,0.9664,2.0384,0.804,0.375
RF,lac_split,511,0.87,1.1794,0.8152,0.39000000001396984
RF,lac_split,512,0.843,1.22,0.7764,0.375
RF,lac_split,513,0.9236,1.506,0.8064,0.4059999999590218
RF,lac_split,514,0.9108,1.3594,0.8168,0.4839999999385327
RF,lac_split,515,0.9422,1.7108,0.7992,0.375
RF,lac_split,516,0.9024,1.4278,0.7884,0.4059999999590218
RF,lac_split,517,0.913,1.5504,0.781,0.640999999945052
RF,lac_split,518,0.9268,1.5564,0.8058,0.5940000000409782
RF,lac_split,519,0.9126,1.433,0.8066,0.625
RF,lac_split,520,0.9166,1.4398,0.802,0.4220000000204891
RF,lac_split,521,0.9362,1.702,0.7898,0.43700000003445894
RF,lac_split,522,0.9304,1.642,0.7918,0.48400000005494803
RF,lac_split,523,0.9256,1.6078,0.789,0.4059999999590218
RF,lac_split,524,0.9184,1.5666,0.7894,0.39099999994505197
RF,lac_split,525,0.92,1.5278,0.7882,0.48499999998603016
RF,lac_split,526,0.9364,1.6804,0.8044,0.4059999999590218
RF,lac_split,527,0.8998,1.322,0.812,0.625
RF,lac_split,528,0.9344,1.5908,0.8056,0.4529999999795109
RF,lac_split,529,0.8942,1.348,0.8014,0.4220000000204891
RF,lac_split,530,0.8932,1.3572,0.7888,0.3910000000614673
RF,lac_split,531,0.8836,1.2776,0.7992,0.4529999999795109
RF,lac_split,532,0.9292,1.5202,0.802,0.40700000000651926
RF,lac_split,533,0.8768,1.1792,0.8246,0.39000000001396984
RF,lac_split,534,0.9092,1.3894,0.809,0.39000000001396984
RF,lac_split,535,0.8616,1.1516,0.8144,0.4220000000204891
RF,lac_split,536,0.907,1.401,0.8116,0.4059999999590218
RF,lac_split,537,0.9212,1.483,0.8026,0.4059999999590218
RF,lac_split,538,0.903,1.3636,0.805,0.4220000000204891
RF,lac_split,539,0.9676,1.9824,0.8126,0.4059999999590218
RF,lac_split,540,0.8864,1.3328,0.7976,0.4059999999590218
RF,lac_split,541,0.9298,1.5888,0.7928,0.40700000000651926
RF,lac_split,542,0.9202,1.4294,0.8154,0.40600000007543713
RF,lac_split,543,0.8688,1.2874,0.7868,0.39000000001396984
RF,lac_split,544,0.8982,1.3484,0.7928,0.39099999994505197
RF,lac_split,545,0.946,1.8,0.801,0.40600000007543713
RF,lac_split,546,0.927,1.4622,0.8188,0.39099999994505197
RF,lac_split,547,0.9526,1.8622,0.8038,0.39000000001396984
RF,lac_split,548,0.929,1.6128,0.8012,0.40700000000651926
RF,lac_split,549,0.8872,1.2632,0.8098,0.39000000001396984
RF,lac_split,550,0.871,1.225,0.8082,0.4059999999590218
RF,lac_split,551,0.9348,1.6646,0.799,0.39099999994505197
RF,lac_split,552,0.9208,1.4742,0.8052,0.3910000000614673
RF,lac_split,553,0.8812,1.2742,0.8054,0.4059999999590218
RF,lac_split,554,0.8872,1.3102,0.7952,0.3910000000614673
RF,lac_split,555,0.9624,1.8846,0.8072,0.4059999999590218
RF,lac_split,556,0.9274,1.514,0.8016,0.39099999994505197
RF,lac_split,557,0.9254,1.5444,0.8024,0.39099999994505197
RF,lac_split,558,0.9258,1.4748,0.8108,0.3910000000614673
RF,lac_split,559,0.9456,1.679,0.813,0.4059999999590218
RF,lac_split,560,0.8848,1.2984,0.8058,0.39099999994505197
RF,lac_split,561,0.9242,1.5606,0.7932,0.4220000000204891
RF,lac_split,562,0.863,1.2562,0.7808,0.40600000007543713
RF,lac_split,563,0.8766,1.251,0.7968,0.42099999997299165
RF,lac_split,564,0.902,1.3592,0.8022,0.39099999994505197
RF,lac_split,565,0.9054,1.3524,0.8086,0.40700000000651926
RF,lac_split,566,0.9184,1.4436,0.8188,0.43700000003445894
RF,lac_split,567,0.921,1.4272,0.8096,0.4220000000204891
RF,lac_split,568,0.9046,1.4168,0.7924,0.42099999997299165
RF,lac_split,569,0.8756,1.202,0.8074,0.4220000000204891
RF,lac_split,570,0.9514,1.7866,0.802,0.42099999997299165
RF,lac_split,571,0.8946,1.3062,0.8004,0.4059999999590218
RF,lac_split,572,0.8708,1.1926,0.81,0.4219999999040738
RF,lac_split,573,0.9576,1.7918,0.809,0.4220000000204891
RF,lac_split,574,0.956,1.8484,0.7976,0.4220000000204891
RF,lac_split,575,0.8818,1.1904,0.82,0.4220000000204891
RF,lac_split,576,0.9372,1.5924,0.816,0.4220000000204891
RF,lac_split,577,0.927,1.5584,0.7968,0.42099999997299165
RF,lac_split,578,0.888,1.2594,0.8112,0.4380000000819564
RF,lac_split,579,0.8468,1.1104,0.8114,0.43700000003445894
RF,lac_split,580,0.8626,1.2516,0.786,0.4220000000204891
RF,lac_split,581,0.9078,1.3856,0.8044,0.43700000003445894
RF,lac_split,582,0.9226,1.407,0.8118,0.4529999999795109
RF,lac_split,583,0.9228,1.4756,0.8144,0.4380000000819564
RF,lac_split,584,0.9566,1.9638,0.7866,0.4369999999180436
RF,lac_split,585,0.9346,1.5738,0.8058,0.4220000000204891
RF,lac_split,586,0.9304,1.515,0.8132,0.42099999997299165
RF,lac_split,587,0.971,2.0768,0.8168,0.4059999999590218
RF,lac_split,588,0.9078,1.3914,0.8068,0.4369999999180436
RF,lac_split,589,0.896,1.2574,0.8226,0.4220000000204891
RF,lac_split,590,0.8746,1.2128,0.8138,0.4059999999590218
RF,lac_split,591,0.9082,1.375,0.8162,0.4059999999590218
RF,lac_split,592,0.8876,1.2604,0.817,0.4059999999590218
RF,lac_split,593,0.934,1.5558,0.8054,0.4220000000204891
RF,lac_split,594,0.9174,1.4138,0.8172,0.4220000000204891
RF,lac_split,595,0.9148,1.5568,0.7778,0.42099999997299165
RF,lac_split,596,0.9158,1.461,0.805,0.4380000000819564
RF,lac_split,597,0.8684,1.2092,0.8082,0.42099999997299165
RF,lac_split,598,0.9228,1.4394,0.8296,0.43799999996554106
RF,lac_split,599,0.925,1.5354,0.7958,0.42099999997299165
RF,lac_split,600,0.9244,1.4342,0.8206,0.4220000000204891
RF,lac_split,601,0.9062,1.4586,0.797,0.42099999997299165
RF,lac_split,602,0.8948,1.4566,0.7812,0.4220000000204891
RF,lac_split,603,0.9354,1.4754,0.8212,0.43700000003445894
RF,lac_split,604,0.9134,1.4948,0.7844,0.43700000003445894
RF,lac_split,605,0.916,1.5366,0.7842,0.4220000000204891
RF,lac_split,606,0.9254,1.4804,0.8176,0.43700000003445894
RF,lac_split,607,0.912,1.4358,0.7992,0.43700000003445894
RF,lac_split,608,0.9004,1.4254,0.7906,0.43799999996554106
RF,lac_split,609,0.913,1.4534,0.8004,0.43700000003445894
RF,lac_split,610,0.888,1.342,0.791,0.4529999999795109
RF,lac_split,611,0.921,1.4662,0.8114,0.45400000002700835
RF,lac_split,612,0.8968,1.2912,0.813,0.4529999999795109
RF,lac_split,613,0.9056,1.354,0.803,0.43799999996554106
RF,lac_split,614,0.905,1.3562,0.8144,0.43700000003445894
RF,lac_split,615,0.8914,1.2724,0.8182,0.4369999999180436
RF,lac_split,616,0.9068,1.3676,0.81,0.45400000002700835
RF,lac_split,617,0.9252,1.5052,0.7972,0.43700000003445894
RF,lac_split,618,0.9194,1.4422,0.8034,0.4529999999795109
RF,lac_split,619,0.9394,1.619,0.8064,0.4690000000409782
RF,lac_split,620,0.8892,1.2302,0.824,0.43799999996554106
RF,lac_split,621,0.9186,1.487,0.8042,0.4529999999795109
RF,lac_split,622,0.9608,1.9,0.7934,0.45400000002700835
RF,lac_split,623,0.9256,1.5,0.8026,0.43700000003445894
RF,lac_split,624,0.9552,1.6832,0.8232,0.43700000003445894
RF,lac_split,625,0.875,1.3416,0.7852,0.4530000000959262
RF,lac_split,626,0.9318,1.5582,0.809,0.46799999999348074
RF,lac_split,627,0.9094,1.3734,0.8104,0.4690000000409782
RF,lac_split,628,0.892,1.2894,0.8126,0.43700000003445894
RF,lac_split,629,0.9308,1.4856,0.8222,0.4530000000959262
RF,lac_split,630,0.883,1.2656,0.802,0.4529999999795109
RF,lac_split,631,0.94,1.5762,0.8208,0.46899999992456287
RF,lac_split,632,0.9552,1.7698,0.8238,0.43700000003445894
RF,lac_split,633,0.9088,1.362,0.8094,0.4529999999795109
RF,lac_split,634,0.9046,1.3202,0.8142,0.4529999999795109
RF,lac_split,635,0.9448,1.6592,0.8018,0.45400000002700835
RF,lac_split,636,0.9402,1.5838,0.8166,0.4529999999795109
RF,lac_split,637,0.919,1.4234,0.8092,0.4369999999180436
RF,lac_split,638,0.9438,1.6036,0.8068,0.4690000000409782
RF,lac_split,639,0.948,1.7166,0.8092,0.4690000000409782
RF,lac_split,640,0.8912,1.263,0.8114,0.46899999992456287
RF,lac_split,641,0.9296,1.459,0.8276,0.4690000000409782
RF,lac_split,642,0.9504,1.7226,0.813,0.46899999992456287
RF,lac_split,643,0.9294,1.5956,0.7984,0.4530000000959262
RF,lac_split,644,0.9184,1.4846,0.7922,0.46799999999348074
RF,lac_split,645,0.945,1.5908,0.8202,0.4529999999795109
RF,lac_split,646,0.9242,1.4178,0.8214,0.4529999999795109
RF,lac_split,647,0.9148,1.3756,0.8182,0.48499999998603016
RF,lac_split,648,0.9096,1.3962,0.8098,0.4529999999795109
RF,lac_split,649,0.9394,1.6018,0.8048,0.4529999999795109
RF,lac_split,650,0.887,1.2856,0.806,0.45400000002700835
RF,lac_split,651,0.9326,1.463,0.8212,0.4529999999795109
RF,lac_split,652,0.9394,1.5394,0.8298,0.4690000000409782
RF,lac_split,653,0.911,1.384,0.8068,0.46799999999348074
RF,lac_split,654,0.913,1.4406,0.8064,0.4529999999795109
RF,lac_split,655,0.8834,1.2388,0.8108,0.4530000000959262
RF,lac_split,656,0.9156,1.4286,0.8008,0.5150000000139698
RF,lac_split,657,0.8876,1.1922,0.8268,0.5310000000754371
RF,lac_split,658,0.9016,1.3206,0.8142,0.5150000000139698
RF,lac_split,659,0.8564,1.211,0.7936,0.48499999998603016
RF,lac_split,660,0.9034,1.2962,0.8282,0.48499999998603016
RF,lac_split,661,0.9492,1.649,0.8176,0.48499999998603016
RF,lac_split,662,0.9328,1.515,0.813,0.48400000005494803
RF,lac_split,663,0.919,1.3606,0.8252,0.48400000005494803
RF,lac_split,664,0.9042,1.3268,0.8214,0.46799999999348074
RF,lac_split,665,0.8972,1.3534,0.7964,0.46899999992456287
RF,lac_split,666,0.9234,1.442,0.826,0.5160000000614673
RF,lac_split,667,0.8974,1.2974,0.811,0.48400000005494803
RF,lac_split,668,0.8808,1.1976,0.8182,0.48400000005494803
RF,lac_split,669,0.9018,1.3112,0.8196,0.46799999999348074
RF,lac_split,670,0.9192,1.4484,0.8094,0.4839999999385327
RF,lac_split,671,0.8878,1.2732,0.8084,0.46899999992456287
RF,lac_split,672,0.8804,1.1936,0.8194,0.48499999998603016
RF,lac_split,673,0.9234,1.4684,0.816,0.48400000005494803
RF,lac_split,674,0.8966,1.2406,0.824,0.48400000005494803
RF,lac_split,675,0.8668,1.1696,0.8126,0.48400000005494803
RF,lac_split,676,0.8784,1.189,0.8202,0.48400000005494803
RF,lac_split,677,0.9248,1.416,0.8222,0.48400000005494803
RF,lac_split,678,0.9074,1.3356,0.8236,0.5
RF,lac_split,679,0.943,1.643,0.8128,0.4690000000409782
RF,lac_split,680,0.8726,1.1426,0.8294,0.5
RF,lac_split,681,0.8836,1.2822,0.7938,0.48400000005494803
RF,lac_split,682,0.9172,1.4048,0.8142,0.4690000000409782
RF,lac_split,683,0.9126,1.3488,0.8266,0.5
RF,lac_split,684,0.9406,1.5612,0.8278,0.48499999998603016
RF,lac_split,685,0.8818,1.1998,0.8194,0.48400000005494803
RF,lac_split,686,0.913,1.37,0.8192,0.46799999999348074
RF,lac_split,687,0.8966,1.2554,0.8168,0.4839999999385327
RF,lac_split,688,0.9072,1.3724,0.8042,0.4839999999385327
RF,lac_split,689,0.9158,1.4108,0.8108,0.5
RF,lac_split,690,0.9006,1.266,0.8284,0.5309999999590218
RF,lac_split,691,0.9336,1.5062,0.8148,0.5160000000614673
RF,lac_split,692,0.907,1.3468,0.8134,0.5309999999590218
RF,lac_split,693,0.8964,1.3038,0.8068,0.515999999945052
RF,lac_split,694,0.9056,1.2912,0.8296,0.5150000000139698
RF,lac_split,695,0.9082,1.371,0.8094,0.5310000000754371
RF,lac_split,696,0.9054,1.3246,0.8144,0.5150000000139698
RF,lac_split,697,0.8924,1.3262,0.8032,0.515999999945052
RF,lac_split,698,0.895,1.2582,0.817,0.48400000005494803
RF,lac_split,699,0.945,1.5484,0.829,0.5
RF,lac_split,700,0.9302,1.4366,0.8224,0.515999999945052
RF,lac_split,701,0.8918,1.1582,0.844,0.5
RF,lac_split,702,0.905,1.2806,0.8218,0.5
RF,lac_split,703,0.9204,1.3824,0.8218,0.5150000000139698
RF,lac_split,704,0.9134,1.3608,0.822,0.5
RF,lac_split,705,0.8718,1.1018,0.8426,0.4839999999385327
RF,lac_split,706,0.9262,1.4426,0.8268,0.5
RF,lac_split,707,0.9318,1.4948,0.8156,0.5
RF,lac_split,708,0.8946,1.3004,0.8226,0.5
RF,lac_split,709,0.8998,1.2498,0.8316,0.5150000000139698
RF,lac_split,710,0.9042,1.282,0.8266,0.5150000000139698
RF,lac_split,711,0.9106,1.362,0.8234,0.5
RF,lac_split,712,0.9096,1.3458,0.815,0.5310000000754371
RF,lac_split,713,0.9132,1.3356,0.8232,0.5
RF,lac_split,714,0.931,1.5772,0.8108,0.5150000000139698
RF,lac_split,715,0.9024,1.3388,0.8068,0.5310000000754371
RF,lac_split,716,0.9518,1.5936,0.8346,0.5
RF,lac_split,717,0.9256,1.3914,0.8228,0.5320000000065193
RF,lac_split,718,0.919,1.4318,0.8148,0.5
RF,lac_split,719,0.8972,1.2678,0.8174,0.5150000000139698
RF,lac_split,720,0.9108,1.3154,0.824,0.5
RF,lac_split,721,0.9502,1.6562,0.8188,0.515999999945052
RF,lac_split,722,0.949,1.6974,0.81,0.5160000000614673
RF,lac_split,723,0.9196,1.3642,0.8222,0.5469999999040738
RF,lac_split,724,0.9372,1.5846,0.8046,0.5150000000139698
RF,lac_split,725,0.9394,1.5312,0.821,0.5150000000139698
RF,lac_split,726,0.9408,1.5384,0.8258,0.515999999945052
RF,lac_split,727,0.8642,1.1716,0.8084,0.5
RF,lac_split,728,0.8716,1.2086,0.8036,0.5150000000139698
RF,lac_split,729,0.9152,1.414,0.8092,0.5309999999590218
RF,lac_split,730,0.9044,1.401,0.8054,0.5
RF,lac_split,731,0.9484,1.6462,0.828,0.5150000000139698
RF,lac_split,732,0.8702,1.1572,0.8236,0.5470000000204891
RF,lac_split,733,0.9116,1.3608,0.8186,0.5160000000614673
RF,lac_split,734,0.9258,1.4162,0.8176,0.5150000000139698
RF,lac_split,735,0.8896,1.2876,0.807,0.5150000000139698
RF,lac_split,736,0.9312,1.414,0.837,0.5309999999590218
RF,lac_split,737,0.8744,1.134,0.8344,0.5470000000204891
RF,lac_split,738,0.9168,1.324,0.8274,0.5310000000754371
RF,lac_split,739,0.9512,1.6608,0.8172,0.5310000000754371
RF,lac_split,740,0.917,1.3952,0.8186,0.5459999999729916
RF,lac_split,741,0.9512,1.6626,0.8074,0.5309999999590218
RF,lac_split,742,0.929,1.4326,0.8094,0.5309999999590218
RF,lac_split,743,0.8862,1.2568,0.8132,0.5150000000139698
RF,lac_split,744,0.9634,1.7696,0.8242,0.5309999999590218
RF,lac_split,745,0.9116,1.343,0.8284,0.5309999999590218
RF,lac_split,746,0.905,1.2758,0.8256,0.5310000000754371
RF,lac_split,747,0.9256,1.4314,0.8214,0.5310000000754371
RF,lac_split,748,0.9038,1.385,0.7978,0.5309999999590218
RF,lac_split,749,0.8972,1.265,0.822,0.5160000000614673
RF,lac_split,750,0.927,1.434,0.8208,0.5310000000754371
RF,lac_split,751,0.943,1.5852,0.8216,0.5459999999729916
RF,lac_split,752,0.9016,1.351,0.8018,0.5309999999590218
RF,lac_split,753,0.9126,1.3354,0.8216,0.5309999999590218
RF,lac_split,754,0.8898,1.2216,0.8208,0.5310000000754371
RF,lac_split,755,0.9278,1.4484,0.8276,0.5150000000139698
RF,lac_split,756,0.8592,1.1216,0.8214,0.5309999999590218
RF,lac_split,757,0.8998,1.213,0.831,0.5310000000754371
RF,lac_split,758,0.9264,1.3588,0.8284,0.5470000000204891
RF,lac_split,759,0.928,1.4378,0.81,0.5629999999655411
RF,lac_split,760,0.9172,1.3162,0.835,0.5470000000204891
RF,lac_split,761,0.9036,1.2856,0.8232,0.5470000000204891
RF,lac_split,762,0.9244,1.4206,0.8212,0.5309999999590218
RF,lac_split,763,0.9402,1.4854,0.8236,0.5469999999040738
RF,lac_split,764,0.8852,1.1592,0.8424,0.5320000000065193
RF,lac_split,765,0.905,1.2926,0.826,0.5470000000204891
RF,lac_split,766,0.9086,1.2948,0.8236,0.5470000000204891
RF,lac_split,767,0.873,1.1584,0.8306,0.5470000000204891
RF,lac_split,768,0.9246,1.4258,0.8134,0.5470000000204891
RF,lac_split,769,0.9032,1.3032,0.8114,0.5620000000344589
RF,lac_split,770,0.878,1.2244,0.8142,0.5629999999655411
RF,lac_split,771,0.9134,1.3316,0.8282,0.5320000000065193
RF,lac_split,772,0.8948,1.214,0.8324,0.5470000000204891
RF,lac_split,773,0.9328,1.523,0.8222,0.5470000000204891
RF,lac_split,774,0.9306,1.444,0.8226,0.5620000000344589
RF,lac_split,775,0.8962,1.2344,0.8232,0.5620000000344589
RF,lac_split,776,0.939,1.5538,0.8188,0.5780000000959262
RF,lac_split,777,0.9168,1.4092,0.8106,0.5619999999180436
RF,lac_split,778,0.9068,1.2906,0.8272,0.5470000000204891
RF,lac_split,779,0.9242,1.4452,0.818,0.5459999999729916
RF,lac_split,780,0.9092,1.3226,0.821,0.5470000000204891
RF,lac_split,781,0.8362,1.0434,0.838,0.5469999999040738
RF,lac_split,782,0.9518,1.6762,0.83,0.5470000000204891
RF,lac_split,783,0.8862,1.2398,0.8198,0.5469999999040738
RF,lac_split,784,0.8884,1.1952,0.8308,0.5470000000204891
RF,lac_split,785,0.9346,1.4922,0.8238,0.5620000000344589
RF,lac_split,786,0.8958,1.2732,0.819,0.5470000000204891
RF,lac_split,787,0.8974,1.2314,0.8326,0.5459999999729916
RF,lac_split,788,0.8758,1.1986,0.814,0.5470000000204891
RF,lac_split,789,0.8716,1.1546,0.8222,0.5620000000344589
RF,lac_split,790,0.904,1.3348,0.8174,0.5620000000344589
RF,lac_split,791,0.9192,1.387,0.8086,0.5620000000344589
RF,lac_split,792,0.9152,1.3208,0.8294,0.5620000000344589
RF,lac_split,793,0.893,1.2504,0.8182,0.5620000000344589
RF,lac_split,794,0.9154,1.3572,0.8244,0.5940000000409782
RF,lac_split,795,0.9174,1.358,0.8288,0.5779999999795109
RF,lac_split,796,0.9422,1.4948,0.8264,0.5779999999795109
RF,lac_split,797,0.939,1.4604,0.8256,0.5779999999795109
RF,lac_split,798,0.9612,1.7548,0.8254,0.5630000000819564
RF,lac_split,799,0.9344,1.433,0.8272,0.5459999999729916
RF,lac_split,800,0.8996,1.306,0.8216,0.5470000000204891
RF,lac_split,801,0.888,1.167,0.8444,0.5459999999729916
RF,lac_split,802,0.9246,1.3898,0.8296,0.5629999999655411
RF,lac_split,803,0.908,1.2454,0.838,0.5779999999795109
RF,lac_split,804,0.917,1.3726,0.8188,0.5629999999655411
RF,lac_split,805,0.9354,1.4774,0.8228,0.5620000000344589
RF,lac_split,806,0.9176,1.3198,0.8318,0.5779999999795109
RF,lac_split,807,0.9284,1.3952,0.8408,0.5940000000409782
RF,lac_split,808,0.886,1.2134,0.8196,0.5620000000344589
RF,lac_split,809,0.9256,1.4016,0.8276,0.5790000000270084
RF,lac_split,810,0.892,1.3028,0.8058,0.5779999999795109
RF,lac_split,811,0.872,1.1178,0.8352,0.5619999999180436
RF,lac_split,812,0.8988,1.2536,0.8286,0.5630000000819564
RF,lac_split,813,0.9386,1.6166,0.808,0.5779999999795109
RF,lac_split,814,0.9528,1.634,0.8376,0.5619999999180436
RF,lac_split,815,0.937,1.4478,0.833,0.5629999999655411
RF,lac_split,816,0.9154,1.3066,0.8318,0.5940000000409782
RF,lac_split,817,0.9184,1.404,0.826,0.5620000000344589
RF,lac_split,818,0.8912,1.247,0.813,0.5779999999795109
RF,lac_split,819,0.9298,1.3698,0.8498,0.5620000000344589
RF,lac_split,820,0.9138,1.3498,0.8228,0.5779999999795109
RF,lac_split,821,0.8884,1.2186,0.822,0.5620000000344589
RF,lac_split,822,0.9036,1.2926,0.8228,0.5779999999795109
RF,lac_split,823,0.9102,1.3184,0.823,0.5779999999795109
RF,lac_split,824,0.903,1.2216,0.8394,0.5779999999795109
RF,lac_split,825,0.9362,1.4688,0.8208,0.5779999999795109
RF,lac_split,826,0.9112,1.3008,0.8336,0.5780000000959262
RF,lac_split,827,0.8952,1.2784,0.8138,0.5779999999795109
RF,lac_split,828,0.9242,1.3546,0.836,0.5779999999795109
RF,lac_split,829,0.9304,1.3948,0.8348,0.5629999999655411
RF,lac_split,830,0.9424,1.536,0.8294,0.5940000000409782
RF,lac_split,831,0.913,1.317,0.8232,0.5929999999934807
RF,lac_split,832,0.923,1.4148,0.8166,0.5939999999245629
RF,lac_split,833,0.9042,1.2922,0.8226,0.5779999999795109
RF,lac_split,834,0.8706,1.1394,0.829,0.5790000000270084
RF,lac_split,835,0.956,1.6252,0.8372,0.5780000000959262
RF,lac_split,836,0.915,1.3212,0.8264,0.5929999999934807
RF,lac_split,837,0.9006,1.2562,0.8256,0.5779999999795109
RF,lac_split,838,0.922,1.385,0.8258,0.5629999999655411
RF,lac_split,839,0.8882,1.2118,0.8292,0.5779999999795109
RF,lac_split,840,0.93,1.4478,0.8256,0.5779999999795109
RF,lac_split,841,0.8896,1.2174,0.8246,0.5629999999655411
RF,lac_split,842,0.9286,1.425,0.825,0.5779999999795109
RF,lac_split,843,0.9278,1.4508,0.8254,0.5779999999795109
RF,lac_split,844,0.9172,1.3062,0.8366,0.5939999999245629
RF,lac_split,845,0.9128,1.2758,0.8346,0.6099999999860302
RF,lac_split,846,0.92,1.3466,0.8318,0.625
RF,lac_split,847,0.9244,1.3978,0.8274,0.5939999999245629
RF,lac_split,848,0.8642,1.0946,0.8398,0.5780000000959262
RF,lac_split,849,0.8914,1.2148,0.8382,0.5929999999934807
RF,lac_split,850,0.915,1.3082,0.834,0.5779999999795109
RF,lac_split,851,0.8606,1.1348,0.819,0.5779999999795109
RF,lac_split,852,0.9246,1.3572,0.8342,0.5940000000409782
RF,lac_split,853,0.9066,1.2858,0.825,0.5940000000409782
RF,lac_split,854,0.8982,1.2332,0.8292,0.5940000000409782
RF,lac_split,855,0.911,1.2948,0.833,0.5929999999934807
RF,lac_split,856,0.9396,1.4818,0.8258,0.5940000000409782
RF,lac_split,857,0.916,1.2824,0.8444,0.609000000054948
RF,lac_split,858,0.9168,1.2786,0.8412,0.609000000054948
RF,lac_split,859,0.9274,1.43,0.8222,0.609000000054948
RF,lac_split,860,0.9072,1.2604,0.837,0.625
RF,lac_split,861,0.9454,1.4306,0.8426,0.6099999999860302
RF,lac_split,862,0.8944,1.256,0.8224,0.5940000000409782
RF,lac_split,863,0.9314,1.4716,0.814,0.6410000000614673
RF,lac_split,864,0.9164,1.3292,0.8298,0.6559999999590218
RF,lac_split,865,0.9194,1.247,0.8482,0.6099999999860302
RF,lac_split,866,0.863,1.157,0.8172,0.625
RF,lac_split,867,0.8964,1.2496,0.8278,0.5939999999245629
RF,lac_split,868,0.892,1.2114,0.824,0.6099999999860302
RF,lac_split,869,0.9204,1.2732,0.8474,0.6099999999860302
RF,lac_split,870,0.924,1.346,0.8342,0.6099999999860302
RF,lac_split,871,0.927,1.398,0.8278,0.625
RF,lac_split,872,0.8992,1.2496,0.8274,0.640999999945052
RF,lac_split,873,0.925,1.4566,0.8088,0.625
RF,lac_split,874,0.8978,1.2278,0.8358,0.625
RF,lac_split,875,0.8852,1.233,0.819,0.609000000054948
RF,lac_split,876,0.9168,1.3094,0.8356,0.609000000054948
RF,lac_split,877,0.9366,1.5128,0.8212,0.609000000054948
RF,lac_split,878,0.9168,1.28,0.8458,0.6400000000139698
RF,lac_split,879,0.8988,1.3142,0.803,0.6099999999860302
RF,lac_split,880,0.8834,1.1624,0.833,0.625
RF,lac_split,881,0.9238,1.3172,0.8484,0.6400000000139698
RF,lac_split,882,0.896,1.1964,0.8334,0.625
RF,lac_split,883,0.9476,1.6048,0.8336,0.5929999999934807
RF,lac_split,884,0.9264,1.3658,0.8262,0.640999999945052
RF,lac_split,885,0.8992,1.2174,0.835,0.6099999999860302
RF,lac_split,886,0.9214,1.318,0.842,0.6410000000614673
RF,lac_split,887,0.9372,1.479,0.8304,0.625
RF,lac_split,888,0.952,1.5122,0.8384,0.6099999999860302
RF,lac_split,889,0.898,1.1868,0.8424,0.625
RF,lac_split,890,0.9228,1.4226,0.8132,0.609000000054948
RF,lac_split,891,0.8988,1.1966,0.8422,0.625
RF,lac_split,892,0.9264,1.4222,0.8132,0.625
RF,lac_split,893,0.9356,1.4258,0.845,0.625
RF,lac_split,894,0.9318,1.4346,0.8186,0.625
RF,lac_split,895,0.9412,1.5638,0.819,0.6410000000614673
RF,lac_split,896,0.8978,1.2528,0.8248,0.6719999999040738
RF,lac_split,897,0.8866,1.1752,0.8294,0.6720000000204891
RF,lac_split,898,0.9426,1.4612,0.8422,0.6559999999590218
RF,lac_split,899,0.9034,1.2478,0.8342,0.625
RF,lac_split,900,0.9308,1.4466,0.8262,0.625
RF,lac_split,901,0.8672,1.137,0.821,0.625
RF,lac_split,902,0.938,1.3482,0.85,0.640999999945052
RF,lac_split,903,0.9134,1.3064,0.833,0.6410000000614673
RF,lac_split,904,0.8772,1.1682,0.826,0.6400000000139698
RF,lac_split,905,0.9168,1.3556,0.8172,0.625
RF,lac_split,906,0.9412,1.5242,0.8384,0.625
RF,lac_split,907,0.9074,1.2012,0.8426,0.625
RF,lac_split,908,0.929,1.3606,0.838,0.625
RF,lac_split,909,0.895,1.1852,0.8344,0.6410000000614673
RF,lac_split,910,0.89,1.155,0.843,0.6400000000139698
RF,lac_split,911,0.8924,1.2082,0.8292,0.6400000000139698
RF,lac_split,912,0.9256,1.3926,0.825,0.6559999999590218
RF,lac_split,913,0.9092,1.3154,0.8246,0.6570000000065193
RF,lac_split,914,0.8856,1.1464,0.8406,0.6559999999590218
RF,lac_split,915,0.9318,1.4436,0.8278,0.640999999945052
RF,lac_split,916,0.927,1.4542,0.817,0.6559999999590218
RF,lac_split,917,0.912,1.3062,0.831,0.6560000000754371
RF,lac_split,918,0.9144,1.295,0.8328,0.6560000000754371
RF,lac_split,919,0.9252,1.3712,0.8266,0.6400000000139698
RF,lac_split,920,0.9234,1.3042,0.8482,0.6560000000754371
RF,lac_split,921,0.9032,1.2076,0.8414,0.6410000000614673
RF,lac_split,922,0.8906,1.2074,0.8296,0.625
RF,lac_split,923,0.9064,1.2206,0.8504,0.6720000000204891
RF,lac_split,924,0.9072,1.2174,0.8478,0.6559999999590218
RF,lac_split,925,0.909,1.2472,0.8498,0.6570000000065193
RF,lac_split,926,0.9002,1.2024,0.835,0.6570000000065193
RF,lac_split,927,0.9116,1.2608,0.8416,0.640999999945052
RF,lac_split,928,0.9248,1.28,0.849,0.640999999945052
RF,lac_split,929,0.9004,1.232,0.8308,0.6570000000065193
RF,lac_split,930,0.9014,1.2496,0.8316,0.6559999999590218
RF,lac_split,931,0.9086,1.223,0.841,0.6570000000065193
RF,lac_split,932,0.8996,1.2194,0.8376,0.6559999999590218
RF,lac_split,933,0.8856,1.1776,0.832,0.6400000000139698
RF,lac_split,934,0.9244,1.3462,0.8392,0.6559999999590218
RF,lac_split,935,0.9386,1.5874,0.808,0.640999999945052
RF,lac_split,936,0.8958,1.1804,0.8406,0.6720000000204891
RF,lac_split,937,0.9082,1.2824,0.8344,0.6560000000754371
RF,lac_split,938,0.9228,1.3128,0.848,0.6559999999590218
RF,lac_split,939,0.9098,1.3136,0.8334,0.6720000000204891
RF,lac_split,940,0.88,1.152,0.8388,0.6410000000614673
RF,lac_split,941,0.9012,1.2602,0.8224,0.6709999999729916
RF,lac_split,942,0.9322,1.3408,0.8496,0.6720000000204891
RF,lac_split,943,0.9406,1.4532,0.8338,0.6559999999590218
RF,lac_split,944,0.9264,1.376,0.8306,0.6400000000139698
RF,lac_split,945,0.9302,1.4652,0.824,0.640999999945052
RF,lac_split,946,0.9276,1.4344,0.8208,0.6410000000614673
RF,lac_split,947,0.9268,1.4252,0.8256,0.6709999999729916
RF,lac_split,948,0.889,1.1632,0.8418,0.6720000000204891
RF,lac_split,949,0.9252,1.3994,0.8364,0.6559999999590218
RF,lac_split,950,0.8888,1.1918,0.8332,0.6720000000204891
RF,lac_split,951,0.8898,1.2172,0.83,0.6709999999729916
RF,lac_split,952,0.9264,1.3406,0.845,0.6879999999655411
RF,lac_split,953,0.895,1.189,0.8384,0.6720000000204891
RF,lac_split,954,0.9194,1.3494,0.8308,0.6870000000344589
RF,lac_split,955,0.9142,1.3298,0.8264,0.6870000000344589
RF,lac_split,956,0.8836,1.15,0.8398,0.7029999999795109
RF,lac_split,957,0.9492,1.6028,0.8124,0.7029999999795109
RF,lac_split,958,0.884,1.1296,0.846,0.6559999999590218
RF,lac_split,959,0.916,1.2716,0.8392,0.6709999999729916
RF,lac_split,960,0.9336,1.3804,0.8448,0.7029999999795109
RF,lac_split,961,0.9256,1.3484,0.8448,0.7040000000270084
RF,lac_split,962,0.8938,1.1786,0.8388,0.6870000000344589
RF,lac_split,963,0.93,1.4312,0.8228,0.6869999999180436
RF,lac_split,964,0.928,1.3978,0.828,0.7029999999795109
RF,lac_split,965,0.9266,1.3782,0.8352,0.7190000000409782
RF,lac_split,966,0.9016,1.2208,0.8358,0.984000000054948
RF,lac_split,967,0.9062,1.2446,0.836,0.7029999999795109
RF,lac_split,968,0.932,1.4188,0.8272,0.6720000000204891
RF,lac_split,969,0.9228,1.2712,0.8512,0.6869999999180436
RF,lac_split,970,0.9274,1.3132,0.8484,0.6720000000204891
RF,lac_split,971,0.9262,1.3706,0.832,0.6709999999729916
RF,lac_split,972,0.8966,1.287,0.8148,0.6559999999590218
RF,lac_split,973,0.9026,1.2404,0.8356,0.6719999999040738
RF,lac_split,974,0.9326,1.4082,0.8306,0.6720000000204891
RF,lac_split,975,0.9086,1.218,0.8426,0.6879999999655411
RF,lac_split,976,0.9368,1.38,0.8512,0.6880000000819564
RF,lac_split,977,0.884,1.145,0.8368,0.6870000000344589
RF,lac_split,978,0.9106,1.274,0.8398,0.6870000000344589
RF,lac_split,979,0.908,1.281,0.8284,0.6720000000204891
RF,lac_split,980,0.8866,1.1522,0.8414,0.6720000000204891
RF,lac_split,981,0.9166,1.3142,0.8392,0.6870000000344589
RF,lac_split,982,0.9008,1.1762,0.849,0.6720000000204891
RF,lac_split,983,0.9328,1.3528,0.8438,0.6870000000344589
RF,lac_split,984,0.9296,1.382,0.839,0.6719999999040738
RF,lac_split,985,0.9146,1.3006,0.829,0.6880000000819564
RF,lac_split,986,0.8974,1.2194,0.834,0.6719999999040738
RF,lac_split,987,0.9462,1.4394,0.8492,0.6880000000819564
RF,lac_split,988,0.8984,1.2432,0.8314,0.6870000000344589
RF,lac_split,989,0.8868,1.1382,0.8408,0.6870000000344589
RF,lac_split,990,0.9206,1.3006,0.8386,0.7029999999795109
RF,lac_split,991,0.899,1.2168,0.8324,0.6869999999180436
RF,lac_split,992,0.8752,1.1196,0.8362,0.6880000000819564
RF,lac_split,993,0.9168,1.2754,0.8454,0.7029999999795109
RF,lac_split,994,0.9202,1.284,0.8364,0.6879999999655411
RF,lac_split,995,0.9178,1.2872,0.8436,0.6880000000819564
RF,lac_split,996,0.8998,1.1906,0.8398,0.6870000000344589
RF,lac_split,997,0.8978,1.1996,0.8346,0.6870000000344589
RF,lac_split,998,0.881,1.13,0.8404,0.6880000000819564
RF,lac_split,999,0.8714,1.1046,0.838,0.6870000000344589
